Pratham Filter Industries,,,,,,
"J 106, Ansa Industrial Estate,",,,,,,
"Saki Vihar Road, Andheri ( East)",,,,,,
Mumbai - 400072,,,,,,
Phone - 02242046000,,,,,,
Movement Analysis,,,,,,
1-Apr-22 to 31-Mar-23,,,,,,
,Pratham Filter Industries,,,,,
Particulars,1-Apr-22 to 31-Mar-23,,,,,
,Inward,,,Outward,,
,Quantity,Eff. Rate,Value,Quantity,Eff. Rate,Value
Chemicals & Media,660.00 KGS,63.23,41735.00,,,
Chem-Dozer 5020,490.00 KGS,50.00,24500.00,,,
Chem - GC 7000S,65.00 KGS,144.00,9360.00,,,
Chem - Good Chemistry - PH 555,105.00 KGS,75.00,7875.00,,,
Clamp,3596.00 Nos,179.47,645385.65,3738.00 Nos,291.99,1091453.09
"CP 1.5""",,,,3.00 Nos,125.00,375.00
"CP 2""",32.00 Nos,64.76,2072.40,33.00 Nos,168.25,5552.40
"CP 3""",1.00 Nos,47.00,47.00,30.00 Nos,47.00,1410.00
"CP 8""",4.00 Nos,272.50,1090.00,4.00 Nos,480.00,1920.00
"S-STRAP 4""",1265.00 Nos,78.57,99397.24,1361.00 Nos,127.26,173203.24
"S-STRAP 8""",1311.00 Nos,180.00,235980.00,1253.00 Nos,352.19,441300.00
"VC 1""",66.00 Nos,176.85,11672.00,66.00 Nos,295.15,19480.00
VC 1.25,16.00 Nos,184.00,2944.00,21.00 Nos,344.05,7225.00
VC 1.5,502.00 Nos,207.63,104228.74,539.00 Nos,256.92,138478.46
"VC 2""",142.00 Nos,238.15,33817.27,170.00 Nos,381.14,64794.27
"VC 3""",7.00 Nos,1117.86,7825.00,7.00 Nos,1462.25,10235.72
"VC 3/4""",4.00 Nos,195.00,780.00,4.00 Nos,250.00,1000.00
VC 4,15.00 Nos,448.00,6720.00,15.00 Nos,700.00,10500.00
"VC 6""",44.00 Nos,765.00,33660.00,44.00 Nos,1125.00,49500.00
"VC 8""",26.00 Nos,1297.31,33730.00,26.00 Nos,2153.85,56000.00
VS 1,4.00 Nos,235.00,940.00,4.00 Nos,600.00,2400.00
VS 1.5,122.00 Nos,419.77,51212.00,118.00 Nos,624.47,73687.00
VS 2,31.00 Nos,550.97,17080.00,36.00 Nos,830.83,29910.00
VS 2.5,4.00 Nos,547.50,2190.00,4.00 Nos,1120.50,4482.00
Media,294630.00 Nos,45.58,13429385.50,298255.00 Nos,52.44,15641068.10
C220 NA,5750.00 LTR,105.05,604050.00,5750.00 LTR,101.74,585000.00
C 225 NA,42200.00 LTR,110.26,4653092.00,51500.00 LTR,104.24,5368142.00
Carbon 600 IV,37050.00 KGS,11.77,436201.50,28575.00 KGS,22.36,639051.50
Carbon 900 IV,2000.00 KGS,48.00,96000.00,2000.00 KGS,48.00,96000.00
Chem - Aquamin Ca+Mg - 5Ltr,5.00 KGS,162.00,810.00,5.00 KGS,162.00,810.00
Chem - Good Chemistry 5020,890.00 KGS,80.00,71200.00,20.00 KGS,139.80,2796.00
GN SCA-25L,1275.00 KGS,55.61,70899.50,2625.00 KGS,94.46,247945.50
GN SCA-5L,7525.00 KGS,55.53,417854.00,10560.00 KGS,75.63,798601.40
Media  - Coarse Silex,32150.00 KGS,4.00,128536.00,31500.00 KGS,6.43,202690.00
Media - Fine Sand,34500.00 KGS,4.00,137916.00,35450.00 KGS,6.57,232921.00
Media - Fine Silex,27600.00 KGS,4.00,110348.50,26850.00 KGS,6.37,170943.50
Media-Green Sand,1000.00 KGS,25.00,25000.00,2300.00 KGS,25.74,59200.00
Media - Pebbels,20300.00 KGS,3.09,62649.00,18150.00 KGS,6.42,116459.00
RESIN,82325.00 LTR,80.29,6609729.00,82875.00 LTR,85.76,7107312.25
WT CHEM,60.00 KGS,85.00,5100.00,95.00 KGS,138.90,13195.95
Membranes,17127.00 Nos,18253.49,312627448.06,16836.00 Nos,20048.28,337532899.54
BW 30 365,2492.00 Nos,29691.68,73991672.75,2808.00 Nos,28757.36,80750670.25
BW 30 400,736.00 Nos,30577.85,22505296.08,986.00 Nos,29850.75,29432836.27
BW 30 400/34,102.00 Nos,34033.11,3471377.64,12.00 Nos,33603.67,403244.00
BW 30 4040,706.00 Nos,9845.75,6951100.48,708.00 Nos,8953.41,6339017.50
BW 30 HR 440,33.00 Nos,38832.03,1281456.99,33.00 Nos,39791.00,1313103.00
BW 30 PRO 400,2192.00 Nos,30987.25,67924057.42,2017.00 Nos,30706.91,61935833.66
BW 30 PRO 400/34I,73.00 Nos,34071.27,2487202.61,73.00 Nos,35004.26,2555311.00
BW 30 PRO 4040,1626.00 Nos,8648.78,14062917.68,1558.00 Nos,8938.79,13926640.45
BW 30 XFR 400/34,230.00 Nos,34059.43,7833669.48,294.00 Nos,34900.25,10260673.35
BW 30 XFR 400/34 I,102.00 Nos,36897.07,3763501.14,102.00 Nos,36897.00,3763494.00
BW 30 XFRLE 400/34,49.00 Nos,36581.88,1792512.25,49.00 Nos,37607.84,1842784.00
BW 30 XFRLE 400/34 I,2.00 Nos,39203.86,78407.72,2.00 Nos,39203.00,78406.00
BW 30 XHR PRO 400/34,262.00 Nos,35177.87,9216602.74,234.00 Nos,36022.45,8429253.00
CP 4040,5.00 Nos,4150.00,20750.00,5.00 Nos,2140.00,10700.00
CP 8040,1.00 Nos,18500.00,18500.00,,,
CPA 2 4040,5.00 Nos,9120.00,45600.00,5.00 Nos,9120.00,45600.00
CR050,84.00 Nos,33651.89,2826758.76,84.00 Nos,34963.79,2936958.00
CR 100,141.00 Nos,40240.29,5673880.76,141.00 Nos,40382.16,5693885.00
ESPA 2 4040,,,,1.00 Nos,12000.00,12000.00
Fortilife XC 120,10.00 Nos,69003.40,690034.00,10.00 Nos,72000.00,720000.00
Fortilife XC 70,222.00 Nos,41073.04,9118215.73,297.00 Nos,41480.77,12319790.00
Fortilife XC 80,16.00 Nos,43284.72,692555.52,22.00 Nos,45727.27,1006000.00
HM 4040-BWE,1.00 Nos,6500.00,6500.00,1.00 Nos,3500.00,3500.00
HM 8040-BWE 400,23.00 Nos,22043.48,507000.00,26.00 Nos,13307.69,346000.00
HSRO 390 FF,145.00 Nos,77163.11,11188651.37,170.00 Nos,79279.86,13477576.62
HSRO 4040 FF,221.00 Nos,28578.57,6315863.83,250.00 Nos,29474.17,7368541.48
LC HF 4040,2471.00 Nos,6057.10,14967102.01,2851.00 Nos,6221.60,17737770.89
LC HR 4040,217.00 Nos,10145.17,2201501.34,211.00 Nos,10358.22,2185585.00
LC LE 4040,183.00 Nos,9910.65,1813649.15,233.00 Nos,10311.66,2402616.95
"RO - Brine Seal 8""",187.00 Nos,71.67,13402.00,136.00 Nos,163.76,22271.64
"RO - Membrane Connector 4""",802.00 Nos,201.53,161628.42,537.00 Nos,540.52,290261.58
"RO - Membrane Connector 8""",331.00 Nos,255.26,84490.00,360.00 Nos,860.58,309807.58
SFD-2860,1.00 Nos,96292.00,96292.00,1.00 Nos,105000.00,105000.00
SFD-2860XP,6.00 Nos,100770.92,604625.52,6.00 Nos,100771.00,604626.00
SFD-2880XP,10.00 Nos,123164.47,1231644.70,10.00 Nos,129000.00,1290000.00
SFP 2860,17.00 Nos,100216.02,1703672.38,21.00 Nos,106115.43,2228424.00
SFP 2880,1.00 Nos,118686.00,118686.00,26.00 Nos,116278.00,3023228.00
SFP-2880XP,144.00 Nos,123234.31,17745741.25,152.00 Nos,128192.68,19485288.00
SW 30 HRLE 400,327.00 Nos,40099.97,13112690.75,395.00 Nos,40569.20,16024834.00
SW 30 HRLE 4040,195.00 Nos,19915.77,3883574.63,192.00 Nos,20367.99,3910653.32
SW 30 XFR-400/34,35.00 Nos,38956.37,1363472.96,63.00 Nos,39119.44,2464525.00
TM 720,2721.00 Nos,390.00,1061190.00,1754.00 Nos,271.49,476190.00
MPV,10202.00 Nos,836.38,8532793.31,10499.00 Nos,903.39,9484740.91
20NB TMF,832.00 Nos,510.00,424320.00,958.00 Nos,545.84,522916.00
20NB TMF IMP,3.00 Nos,263.81,791.43,,,
20NB TMF IMP AUTO,1.00 Nos,2576.50,2576.50,2.00 Nos,3038.25,6076.50
20NB TMF P,10.00 Nos,616.00,6160.00,10.00 Nos,600.00,6000.00
20NB TMF W,200.00 Nos,550.00,110000.00,163.00 Nos,562.87,91748.00
20NB TMS,348.00 Nos,630.07,219263.46,218.00 Nos,622.99,135812.20
20NB TMS IMP,,,,2.00 Nos,511.91,1023.82
20NB TMS W,19.00 Nos,650.00,12350.00,33.00 Nos,698.42,23048.00
25NB SMF,216.00 Nos,680.00,146880.00,239.00 Nos,683.22,163290.00
25NB SMS,96.00 Nos,870.00,83520.00,98.00 Nos,870.00,85260.00
25NB TMF,4413.00 Nos,680.00,3000840.16,4400.00 Nos,705.88,3105850.16
25NB TMF IMP,2.00 Nos,458.00,916.00,1.00 Nos,1375.00,1375.00
25NB TMF IMP AUTO,5.00 Nos,2443.75,12218.75,3.00 Nos,3777.25,11331.75
25NB TMF P,,,,1.00 Nos,867.00,867.00
25NB TMF W,648.00 Nos,800.00,518400.00,720.00 Nos,804.85,579495.00
25NB TMS,507.00 Nos,846.10,428971.43,561.00 Nos,860.55,482766.55
25NB TMS IMP,3.00 Nos,675.40,2026.20,,,
25NB TMS IMP AUTO,5.00 Nos,3096.66,15483.30,10.00 Nos,3998.33,39983.30
25NB TMS P,3.00 Nos,858.67,2576.00,2.00 Nos,800.00,1600.00
25NB TMS W,79.00 Nos,900.00,71100.00,90.00 Nos,934.98,84148.00
40NB SMF,648.00 Nos,959.43,621713.72,690.00 Nos,1067.58,736629.67
40NB SMF W,949.00 Nos,1050.00,996451.59,1024.00 Nos,1077.43,1103293.43
40NB SMS,206.00 Nos,1069.90,220400.00,192.00 Nos,1150.57,220910.00
40NB SMS W,115.00 Nos,1150.00,132250.00,133.00 Nos,1183.08,157350.00
40NB TMF,515.00 Nos,990.23,509968.04,544.00 Nos,1128.72,614022.83
40NBTMS,56.00 Nos,1171.06,65579.58,56.00 Nos,1346.97,75430.38
50NB SMF,229.00 Nos,2606.69,596931.78,238.00 Nos,2923.65,695828.83
50NB SMF IMP AUTO,,,,1.00 Nos,14500.00,14500.00
50NB SMS,3.00 Nos,3600.00,10800.00,3.00 Nos,4533.33,13600.00
50NB TMF IMP AUTO,,,,2.00 Nos,8231.63,16463.26
50NB TMS IMP AUTO,1.00 Nos,8283.34,8283.34,3.00 Nos,13761.11,41283.34
65NB SMF,60.00 Nos,3379.41,202764.82,66.00 Nos,4486.59,296114.82
65NB SMS,24.00 Nos,4241.67,101800.00,25.00 Nos,5854.00,146350.00
MD 2,2.00 Nos,3052.50,6105.00,1.00 Nos,3053.00,3053.00
RO - 25NB FLOW,1.00 Nos,513.50,513.50,7.00 Nos,648.64,4540.50
RO - 50NB FLOW,3.00 Nos,279.57,838.71,3.00 Nos,926.52,2779.57
Pumps,1.00 Nos,2942.00,2942.00,,,
CRP-1HP,1.00 Nos,2942.00,2942.00,,,
RO Housings,6789.00 Nos,8912.82,60509163.73,7271.00 Nos,9642.59,70111249.44
AQUALINE CART,94.00 Nos,16550.00,1555700.00,137.00 Nos,16034.67,2196750.00
AQUALINE HSG,,,,4.00 Nos,26487.50,105950.00
"Codeline 4"" -2 Element",2.00 Nos,16270.00,32540.00,2.00 Nos,23200.00,46400.00
"Codeline 4"" -3 Element",9.00 Nos,23667.56,213008.00,9.00 Nos,25412.44,228712.00
"Codeline 4"" -4 Element",14.00 Nos,24435.36,342095.00,14.00 Nos,25758.93,360625.00
"Codeline 4"" -5 Element",33.00 Nos,25528.14,842428.68,33.00 Nos,29900.84,986727.68
"Codeline 4"" -6 Element",10.00 Nos,29164.20,291642.00,10.00 Nos,31642.90,316429.00
Codeline 80S000-2,,,,4.00 Nos,59000.00,236000.00
Codeline 80S000-3,27.00 Nos,46676.19,1260257.00,37.00 Nos,56220.86,2080172.00
Codeline 80S000-4,32.00 Nos,58900.44,1884814.00,38.00 Nos,66734.24,2535901.00
Codeline 80S000-5,23.00 Nos,58140.57,1337233.00,24.00 Nos,63727.17,1529452.00
Codeline 80S000-6,115.00 Nos,59883.22,6886570.00,115.00 Nos,64843.11,7456958.00
Codeline 80S000-7,2.00 Nos,70960.00,141920.00,2.00 Nos,83250.00,166500.00
ECOLINE 4-300-1,190.00 Nos,3694.55,701963.81,241.00 Nos,4047.15,975363.81
ECOLINE 4-300-2,86.00 Nos,5026.06,432241.12,124.00 Nos,5607.61,695343.80
ECOLINE 4-300-3,55.00 Nos,6774.16,372579.00,54.00 Nos,7493.04,404624.00
ECOLINE 8-300-1,3.00 Nos,22902.00,68706.00,3.00 Nos,24302.00,72906.00
ECOLINE 8-300-2,36.00 Nos,25044.67,901608.00,26.00 Nos,28745.81,747391.00
ECOLINE 8-300-3,94.00 Nos,27783.10,2611611.00,98.00 Nos,31515.58,3088527.00
ECOLINE 8-300-4,93.00 Nos,28768.90,2675508.00,106.00 Nos,32232.92,3416689.00
ECOLINE 8-300-5,288.00 Nos,31479.83,9066192.00,277.00 Nos,34630.17,9592557.00
ECOLINE 8-300-6,344.00 Nos,33617.42,11564391.00,306.00 Nos,35725.30,10931941.00
ECOLINE 8-300-7,35.00 Nos,36611.46,1281401.00,35.00 Nos,42513.71,1487980.00
ECOLINE 8-450-2,9.00 Nos,29399.11,264592.00,9.00 Nos,32533.33,292800.00
ECOLINE 8-450-3,8.00 Nos,31093.88,248751.00,13.00 Nos,35617.31,463025.00
ECOLINE 8-450-4,2.00 Nos,31770.00,63540.00,2.00 Nos,41000.00,82000.00
ECOLINE 8-450-5,42.00 Nos,34980.14,1469166.00,42.00 Nos,39598.29,1663128.00
ECOLINE 8-450-6,63.00 Nos,38698.51,2438006.00,66.00 Nos,43119.09,2845860.00
ECOLINE 8-450-7,19.00 Nos,39805.84,756311.00,19.00 Nos,45025.89,855492.00
MEMFLO-4-300-1,293.00 Nos,1396.57,409196.46,366.00 Nos,1472.99,539113.06
MEMFLO-4-300-2,257.00 Nos,2296.37,590166.69,245.00 Nos,2461.22,603000.00
MEMFLO-4-300-3,,,,13.00 Nos,3234.62,42050.00
Memflo 8-300-1,70.00 Nos,5314.29,372000.00,70.00 Nos,5502.86,385200.00
Memflo 8-300-2,50.00 Nos,8120.00,406000.00,54.00 Nos,9808.33,529650.00
MEMFLO 8-300-3,30.00 Nos,13366.67,401000.00,25.00 Nos,13628.00,340700.00
"RO-ADP-8""",248.00 Nos,1801.01,446651.15,422.00 Nos,3039.69,1282749.01
"RO - Brine Seal 4""",244.00 Nos,49.06,11970.64,20.00 Nos,399.53,7990.60
"RO - CIRCLIP 4""",91.00 Nos,94.00,8554.00,30.00 Nos,446.47,13394.00
"RO - CIRCLIP 8""",15.00 Nos,343.18,5147.70,94.00 Nos,909.62,85504.50
RO - Head Noryl -Ecoline,117.00 Nos,4226.89,494545.70,120.00 Nos,6361.78,763413.02
"RO - Head Seal 4""",124.00 Nos,12.00,1488.00,79.00 Nos,36.20,2860.00
"RO - Head Seal 8""",586.00 Nos,44.55,26108.95,554.00 Nos,137.50,76175.07
RO Housings,22.00 Nos,49039.86,1078877.00,22.00 Nos,65607.77,1443371.00
RO Plant,14.00 Nos,366071.43,5125000.00,14.00 Nos,411910.71,5766750.00
RO-Spare Head,95.00 Nos,4372.91,415426.25,96.00 Nos,8083.56,776021.85
RO-Spare Parts,2328.00 Nos,303.88,707431.40,2752.00 Nos,381.77,1050629.66
RO - Thrust Cone,27.00 Nos,1012.04,27325.18,46.00 Nos,1685.29,77523.38
SRO 4040,300.00 Nos,450.00,135000.00,269.00 Nos,1157.81,311450.00
SRO 4080,150.00 Nos,950.00,142500.00,130.00 Nos,1165.38,151500.00
SS Filters,435028.70 Nos,64.74,28164965.49,424212.34 Nos,65.94,27972962.85
20 AC,11.00 Nos,1909.09,21000.00,11.00 Nos,3909.09,43000.00
20 AC BB,18.00 Nos,1069.45,19250.02,18.00 Nos,2569.44,46250.00
30 AC,54.00 Nos,2888.89,156000.00,54.00 Nos,3638.89,196500.00
40 AC,48.00 Nos,6000.00,288000.00,48.00 Nos,7100.00,340800.00
9 AC,28.00 Nos,1000.00,28000.00,28.00 Nos,3589.29,100500.00
"CORE 10""",90477.00 Nos,7.07,639682.50,84342.00 Nos,7.32,617442.80
"CORE 20""",154630.00 Nos,14.84,2294966.10,156060.00 Nos,15.76,2459080.14
"CORE 30""",46200.00 Nos,25.39,1173190.50,48065.00 Nos,26.41,1269271.70
"CORE 40""",27550.00 Nos,35.13,967745.00,27345.00 Nos,35.79,978684.27
PP YARN,116012.70 KGS,194.61,22577131.37,108137.34 KGS,202.59,21907760.02
SS Metal,,,,104.00 Nos,131.48,13673.92
SS Housings,436.00 Nos,25580.29,11153007.02,441.00 Nos,35503.59,15657082.79
"SP SS 301 3/4""",,,,1.00 Nos,7000.00,7000.00
SRO 8-300-1,2.00 Nos,55000.00,110000.00,2.00 Nos,70000.00,140000.00
SRO 8-300-3,4.00 Nos,83500.00,334000.00,4.00 Nos,105125.00,420500.00
SRO 8-300-4,4.00 Nos,97000.00,388000.00,4.00 Nos,122250.00,489000.00
SS 101,3.00 Nos,8027.00,24081.00,3.00 Nos,11500.00,34500.00
SS 201,3.00 Nos,8800.00,26400.00,3.00 Nos,12500.00,37500.00
SS 201 BB,6.00 Nos,12164.17,72985.00,6.00 Nos,13366.67,80200.00
SS 202,2.00 Nos,18182.50,36365.00,2.00 Nos,21466.50,42933.00
SS 203,9.00 Nos,19473.33,175260.00,9.00 Nos,25683.33,231150.00
SS 301,5.00 Nos,8659.60,43298.00,5.00 Nos,11740.00,58700.00
SS 3012,13.00 Nos,48607.69,631900.00,13.00 Nos,58307.69,758000.00
SS 302,6.00 Nos,18857.00,113142.00,6.00 Nos,25500.00,153000.00
SS 303,40.00 Nos,22108.23,884329.09,41.00 Nos,29473.39,1208409.09
SS 304,4.00 Nos,22017.50,88070.00,4.00 Nos,30280.00,121120.00
SS 305,7.00 Nos,29978.57,209850.00,7.00 Nos,39342.86,275400.00
SS 306,10.00 Nos,26311.50,263115.00,10.00 Nos,37517.50,375175.00
SS 307,22.00 Nos,29748.86,654475.00,22.00 Nos,38997.73,857950.00
SS 309,17.00 Nos,47964.71,815400.00,17.00 Nos,58205.88,989500.00
SS 4010,2.00 Nos,68100.00,136200.00,2.00 Nos,93750.00,187500.00
SS 4011,1.00 Nos,65800.00,65800.00,1.00 Nos,80000.00,80000.00
SS 4012,7.00 Nos,62755.71,439290.00,7.00 Nos,78357.14,548500.00
SS 402,3.00 Nos,20045.00,60135.00,3.00 Nos,27500.00,82500.00
SS 403,7.00 Nos,21565.00,150955.00,7.00 Nos,30000.00,210000.00
SS 404,3.00 Nos,22031.67,66095.00,3.00 Nos,27600.00,82800.00
SS 405,9.00 Nos,30839.67,277557.00,9.00 Nos,42781.11,385030.00
SS 406,4.00 Nos,29015.00,116060.00,4.00 Nos,40250.00,161000.00
SS 407,1.00 Nos,33535.00,33535.00,1.00 Nos,44500.00,44500.00
SS 408,9.00 Nos,46542.22,418880.00,9.00 Nos,63431.11,570880.00
SS 409,30.00 Nos,49763.00,1492890.00,30.00 Nos,63693.33,1910800.00
SS 420,95.00 Nos,15870.53,1507700.00,95.00 Nos,31636.84,3005500.00
SS 732,36.00 Nos,27787.22,1000340.00,36.00 Nos,32398.61,1166350.00
SS Housing,8.00 Nos,14785.25,118282.00,8.00 Nos,19875.00,159000.00
SS Strainer,55.00 Nos,2877.42,158257.93,56.00 Nos,6713.83,375974.59
STH 2,2.00 Nos,19600.00,39200.00,3.00 Nos,27500.37,82501.11
STH 3,2.00 Nos,23345.00,46690.00,2.00 Nos,23345.00,46690.00
STH 4,4.00 Nos,27192.50,108770.00,4.00 Nos,48442.50,193770.00
STH 5,1.00 Nos,45700.00,45700.00,2.00 Nos,41875.00,83750.00
UV System,818.00 Nos,2737.06,2238912.31,856.00 Nos,2995.14,2563836.40
UV -ECS 004L,41.00 Nos,1724.63,70710.00,58.00 Nos,1773.02,102835.00
UV -ECS 007L,310.00 Nos,1994.36,618250.40,316.00 Nos,2036.94,643673.40
UV -ECS 015L,377.00 Nos,2509.66,946141.91,389.00 Nos,2883.75,1121780.00
UV -ECS 025L,34.00 Nos,5515.00,187510.00,32.00 Nos,5888.41,188429.00
UV -ECS 040L,40.00 Nos,6245.00,249800.00,29.00 Nos,6875.86,199400.00
UV -ECS 070L,14.00 Nos,7875.00,110250.00,22.00 Nos,8346.32,183619.00
UV -ECS 150R,2.00 Nos,28125.00,56250.00,2.00 Nos,28050.00,56100.00
UVSYS,,,,8.00 Nos,8500.00,68000.00
Vessels,26023.00 Nos,5735.35,149250909.39,27042.00 Nos,5636.86,152431861.54
"FRP 1465 - 4""TB",3.00 Nos,12392.00,37176.00,35.00 Nos,13562.49,474687.15
"FRP 1665 - 4""TB",105.00 Nos,14101.06,1480611.04,131.00 Nos,14448.29,1892726.04
"FRP 1865 - 4"" T",88.00 Nos,14843.24,1306205.01,87.00 Nos,15393.40,1339226.01
"FRP 1865 - 4""TB",311.00 Nos,16519.82,5137662.78,322.00 Nos,16947.56,5457113.78
"FRP 2162 - 4""TB",368.00 Nos,18548.86,6825979.04,376.00 Nos,18937.00,7120311.04
"FRP 2472 - 4""TB",498.00 Nos,21040.82,10478330.27,515.00 Nos,21460.79,11052305.27
"FRP 2472 - 6""FLTB",41.00 Nos,31465.00,1290065.00,32.00 Nos,36000.00,1152000.00
"FRP 3072 - 4""TB",351.00 Nos,28458.01,9988762.78,353.00 Nos,29354.66,10362194.44
"FRP 3072 - 6""FLTB",2.00 Nos,40823.00,81646.00,,,
"FRP 3672 - 4""TB",272.00 Nos,36273.71,9866448.58,273.00 Nos,36948.22,10086863.58
"FRP 3672 - 6""FLTB",5.00 Nos,47150.00,235750.00,3.00 Nos,48866.67,146600.00
"FRP 4272 - 6""FLTB",105.00 Nos,61791.14,6488070.00,104.00 Nos,66543.30,6920503.00
"FRP 4872 - 6""FLTB",99.00 Nos,72719.09,7199190.00,99.00 Nos,76120.25,7535905.00
"FRP 6367 - 6""FLTB",18.00 Nos,106381.33,1914864.00,18.00 Nos,111180.00,2001240.00
"FRP 6386 - 6""FLTB",5.00 Nos,142429.00,712145.00,5.00 Nos,152957.40,764787.00
"QP 1054 - 2.5"" T",262.00 Nos,1861.73,487772.00,290.00 Nos,1924.33,558057.00
"QP 1248 - 2.5"" T",231.00 Nos,2225.29,514042.00,217.00 Nos,2320.60,503571.00
"QP 1354 - 2.5"" T",770.00 Nos,2610.92,2010410.00,927.00 Nos,2580.32,2391956.00
"QP 1465 - 4"" T",164.00 Nos,4146.19,679975.00,167.00 Nos,3848.98,642780.00
"QP 1665 - 4"" T",188.00 Nos,4622.06,868947.00,193.00 Nos,4277.01,825462.00
"QP 2162 - 4"" T&B",26.00 Nos,11923.08,310000.00,26.00 Nos,12549.23,326280.00
"QP 2472 - 4"" T&B",36.00 Nos,14000.00,504000.00,37.00 Nos,14773.62,546624.00
"QP 3072 - 4"" T&B",2.00 Nos,20500.00,41000.00,3.00 Nos,21424.00,64272.00
"QP 3672 - 4"" T&B",8.00 Nos,25079.00,200632.00,9.00 Nos,23124.44,208120.00
"SPG 1054-2.5"" T",2409.00 Nos,2249.03,5417915.09,2620.00 Nos,2130.52,5581958.40
"SPG 1248-2.5"" T",1314.00 Nos,2891.68,3799668.64,1422.00 Nos,2877.93,4092422.12
"SPG 1354-2.5"" T",5567.00 Nos,3015.83,16789125.88,6825.00 Nos,2814.74,19210622.93
"SPG 1465-4"" T",1570.00 Nos,5199.88,8163817.18,1410.00 Nos,5092.22,7180024.18
"SPG 1665-4"" T",1346.00 Nos,6288.63,8464493.40,1217.00 Nos,6167.47,7505807.40
"SPG 844-2.5"" T",1504.00 Nos,1816.38,2731836.99,1660.00 Nos,1747.16,2900287.53
TSF 1054,1551.00 Nos,1998.40,3099525.28,1465.00 Nos,2005.17,2937579.28
TSF 1248,404.00 Nos,2568.54,1037689.96,352.00 Nos,2583.11,909253.06
TSF 1354,4119.00 Nos,2589.43,10665842.98,3786.00 Nos,2654.94,10051621.50
TSF 1465,879.00 Nos,4253.06,3738441.98,805.00 Nos,4330.26,3485862.20
TSF 1465 T&B,102.00 Nos,5731.04,584565.76,83.00 Nos,5780.37,479770.76
TSF 1665,502.00 Nos,5067.16,2543713.70,437.00 Nos,5089.99,2224325.50
TSF 1665 T&B,111.00 Nos,6707.29,744509.06,98.00 Nos,7021.09,688066.38
TSF 1865 T&B,127.00 Nos,8328.59,1057731.48,114.00 Nos,8555.75,975355.48
TSF 2162 T&B,115.00 Nos,12288.68,1413198.32,109.00 Nos,12792.93,1394429.32
TSF 2472 T&B,143.00 Nos,14375.14,2055644.66,135.00 Nos,14861.45,2006295.66
TSF 3072 4 T&B - HH,2.00 Nos,20642.00,41284.00,2.00 Nos,20642.00,41284.00
TSF 3072 T&B,96.00 Nos,19513.84,1873328.92,85.00 Nos,20987.69,1783953.92
TSF 3672 4 T&B - HH,4.00 Nos,25046.00,100184.00,4.00 Nos,27023.00,108092.00
TSF 3672 T&B,94.00 Nos,24060.05,2261644.61,89.00 Nos,26221.06,2333674.61
TSF 4272 6FL T&B,23.00 Nos,38168.70,877880.00,23.00 Nos,41103.74,945386.00
"TSF 4272 6FL T&B - HH
",19.00 Nos,40240.74,764574.00,19.00 Nos,43317.47,823032.00
"TSF 4872 6FL T&B
",30.00 Nos,45920.90,1377627.00,28.00 Nos,49022.29,1372624.00
"TSF 4872 6FL T&B - HH
",19.00 Nos,47683.32,905983.00,17.00 Nos,54032.29,918549.00
Vessel,15.00 Nos,5400.00,81000.00,15.00 Nos,7200.00,108000.00
Water Filter,459110.50 Nos,104.92,48169381.14,461304.00 Nos,131.88,60839015.60
"10"" Bag Assembly",84.00 Nos,663.10,55700.72,92.00 Nos,1510.71,138985.72
"10"" BB L -1""",,,,3.00 Nos,450.00,1350.00
"10"" BB L 1.5""",57.00 Nos,296.52,16901.75,66.00 Nos,345.30,22789.75
"10"" BB V",25.00 Nos,400.00,10000.00,29.00 Nos,950.00,27550.00
"10"" BB V 1""",65.00 Nos,400.00,26000.00,65.00 Nos,556.15,36150.00
"10"" Blue L 1""",247.00 Nos,78.34,19349.77,226.00 Nos,131.53,29725.77
"10"" Blue L 1/2""",169.00 Nos,80.00,13519.39,208.00 Nos,110.77,23039.39
"10"" Blue L 3/4""",874.00 Nos,79.79,69740.77,936.00 Nos,140.01,131051.77
"10"" Blue V 1""",9.00 Nos,153.82,1384.38,1.00 Nos,400.00,400.00
"10"" Blue V 1/2""",100.00 Nos,199.48,19948.00,88.00 Nos,339.71,29894.79
"10"" Blue V 3/4""",217.00 Nos,199.74,43343.34,161.00 Nos,306.48,49343.46
"10"" Clear 3/4""",9.00 Nos,220.00,1980.00,9.00 Nos,200.00,1800.00
"20"" BB L -1""",1231.00 Nos,289.83,356780.45,1343.00 Nos,336.56,452006.10
"20"" BB L 1.5""",1247.00 Nos,289.93,361547.11,1333.00 Nos,375.97,501173.17
"20"" BB V",272.00 Nos,699.93,190379.65,283.00 Nos,1080.40,305754.52
"20"" BB V 1""",108.00 Nos,700.00,75600.00,158.00 Nos,710.28,112225.00
"20"" BB XL 2""",37.00 Nos,1364.86,50500.00,40.00 Nos,3516.59,140663.75
"20"" Blue L 1""",722.00 Nos,154.86,111808.00,674.00 Nos,180.17,121434.42
"20"" Blue L 1/2""",304.00 Nos,154.76,47046.76,240.00 Nos,170.48,40914.28
"20"" Blue L 3/4""",412.00 Nos,154.67,63722.98,488.00 Nos,186.63,91074.90
"20"" Blue V 1""",132.00 Nos,300.00,39600.00,142.00 Nos,458.25,65071.76
"20"" Blue V 1/2""",36.00 Nos,300.00,10800.00,66.00 Nos,483.55,31914.52
"20"" Blue V 3/4""",405.00 Nos,299.82,121428.38,348.00 Nos,494.90,172225.46
"20"" Clear BB",1.00 Nos,1277.00,1277.00,,,
"20"" PP Bag Assembly",455.00 Nos,739.94,336672.83,490.00 Nos,1116.43,547048.87
20 RL,3.00 Nos,320.00,960.00,6.00 Nos,411.67,2470.00
20 RL BB,8.00 Nos,750.00,6000.00,13.00 Nos,1276.92,16600.00
"5"" Clear 1/2""",10.00 Nos,160.54,1605.40,34.00 Nos,371.84,12642.40
9 RL,73.00 Nos,160.27,11699.71,78.00 Nos,265.89,20739.71
"BB 10""",1148.00 Nos,113.30,130068.12,1294.00 Nos,122.96,159115.52
"BB 20""- 4""",54201.00 Nos,185.37,10047199.80,55342.00 Nos,194.01,10736889.70
"BB 20""- 4"" SLIM",3264.00 Nos,192.61,628672.93,1464.00 Nos,191.07,279730.56
"BB 20""- 4.25""",6632.00 Nos,216.59,1436443.88,6918.00 Nos,246.30,1703930.88
"BB 20"" - 4.5""",5875.00 Nos,270.15,1587118.62,6543.00 Nos,313.00,2047989.68
"BB 20"" XL-5",198.00 Nos,800.00,158400.00,198.00 Nos,1828.79,362100.00
"BB 30""",,,,19.00 Nos,387.74,7367.00
BP 410,383.00 Nos,50.09,19184.28,337.00 Nos,158.74,53495.74
BP 420,2588.00 Nos,60.77,157270.92,2316.00 Nos,116.88,270690.80
"CTO 10""",893.00 Nos,41.83,37356.30,865.00 Nos,71.07,61479.06
"CTO 20""",467.00 Nos,87.18,40714.73,587.00 Nos,132.05,77511.36
"CTO BB 10""",48.00 Nos,260.00,12480.00,48.00 Nos,400.00,19200.00
"CTO BB 20""",14.00 Nos,341.86,4786.00,14.00 Nos,559.29,7830.00
FBAG,139.00 Nos,191.38,26601.60,239.00 Nos,187.66,44851.63
FC MISC,119.00 Nos,418.34,49782.84,139.00 Nos,836.92,116331.84
"GAC 20""",,,,6.00 Nos,63.56,381.36
"GSP 20""",25.00 Nos,50.00,1250.00,25.00 Nos,50.00,1250.00
"GSP 30""",,,,1.00 Nos,270.00,270.00
"KEMFLO 10""",717.00 Nos,19.00,13623.00,1136.00 Nos,19.98,22702.10
"MB 10""",227.00 Nos,16.67,3784.12,456.00 Nos,18.22,8307.42
"MLC 9""",,,,14.00 Nos,60.00,840.00
"PL 10"" 01 UM",13.00 Nos,210.00,2730.00,5.00 Nos,554.00,2770.00
"PL 10"" 0.2 C7",2.00 Nos,210.00,420.00,1.00 Nos,210.00,210.00
"PL 10"" 0.2um",106.00 Nos,210.00,22260.00,146.00 Nos,216.30,31580.00
"PL 10"" 0.45 C7",2.00 Nos,210.00,420.00,7.00 Nos,346.86,2428.00
"PL 10"" 0.45 UM",1.00 Nos,212.73,212.73,2.00 Nos,431.37,862.73
"PL 10"" 05UM",3.00 Nos,210.00,630.00,17.00 Nos,653.37,11107.29
"PL 10"" 05UM C7",40.00 Nos,210.00,8400.00,38.00 Nos,235.26,8940.00
"PL 10"" 10 UM",,,,4.00 Nos,550.00,2200.00
"PL 10"" 10 UM C7",8.00 Nos,210.00,1680.00,8.00 Nos,450.00,3600.00
"PL 20"" 01 UM",8.00 Nos,420.00,3360.00,17.00 Nos,764.12,12990.00
"PL 20"" 0.2UM",171.00 Nos,420.09,71836.05,231.00 Nos,485.15,112069.50
"PL 20"" 0.45 UM",60.00 Nos,420.00,25200.00,73.00 Nos,608.22,44400.00
"PL 20"" 0.45 UM C7",1.00 Nos,420.00,420.00,2.00 Nos,659.50,1319.00
"PL 20"" 05 C7",10.00 Nos,420.00,4200.00,10.00 Nos,1125.00,11250.00
"PL 20"" 05 UM",5.00 Nos,420.00,2100.00,1.00 Nos,1200.00,1200.00
"PL 20"" 10 UM",202.00 Nos,420.00,84840.00,202.00 Nos,702.97,142000.00
"PL 30"" 01 C7",9.00 Nos,630.00,5670.00,9.00 Nos,3200.00,28800.00
"PL 30"" 01 UM",,,,2.00 Nos,1650.00,3300.00
"PL 30"" 0.2 C7",,,,2.00 Nos,630.00,1260.00
"PL 30"" 0.2um",84.00 Nos,630.00,52920.00,84.00 Nos,1164.29,97800.00
"PL 30"" 0.45um C7",4.00 Nos,630.00,2520.00,,,
"PL 30"" 05 UM",130.00 Nos,629.32,81811.83,126.00 Nos,1145.93,144386.75
"PL 40"" 0.2UM",81.00 Nos,840.00,68040.00,81.00 Nos,1800.00,145800.00
"PL 40"" 0.45 UM",104.00 Nos,840.00,87360.00,109.00 Nos,1316.06,143450.00
"PL 40"" 05 UM",7.00 Nos,880.00,6160.00,8.00 Nos,2325.00,18600.00
PL 717,226.00 Nos,92.49,20903.44,146.00 Nos,165.09,24103.44
PL 732,2539.00 Nos,122.42,310816.04,3794.00 Nos,185.95,705483.95
"PP 10"" 10 UM",10290.00 Nos,34.66,356606.59,10119.00 Nos,52.85,534821.92
"PP 10"" 1 UM",18385.00 Nos,37.44,688424.91,18870.00 Nos,50.31,949383.77
"PP 10"" 25 UM",4150.00 Nos,35.06,145494.81,4111.00 Nos,50.84,208988.88
"PP 10"" 5UM",24877.00 Nos,34.96,869690.35,25291.00 Nos,47.95,1212765.54
"PP 20"" 10 UM",32272.00 Nos,71.05,2292893.45,31834.00 Nos,81.71,2601227.47
"PP 20"" 1 UM",13970.00 Nos,75.65,1056825.81,14441.00 Nos,90.20,1302555.41
"PP 20"" 25 UM",973.00 Nos,70.49,68587.12,1062.00 Nos,109.85,116655.90
"PP 20"" 5 UM",38692.00 Nos,70.84,2740998.18,38928.00 Nos,85.89,3343672.53
"PP 30"" 10 UM",11507.00 Nos,97.30,1119658.31,11277.00 Nos,125.05,1410146.63
"PP 30"" 1 UM",1400.00 Nos,108.26,151568.80,1211.00 Nos,137.90,167001.44
"PP 30"" 25 UM",10.00 Nos,91.49,914.90,,,
"PP 30"" 5 UM",39986.00 Nos,99.85,3992472.62,39602.00 Nos,120.59,4775464.61
"PP 40"" 10 UM",3562.00 Nos,138.02,491645.03,3145.00 Nos,169.65,533549.89
"PP 40"" 1 UM",4352.00 Nos,165.58,720615.48,4265.00 Nos,243.56,1038777.25
"PP 40"" 5 UM",20048.00 Nos,143.76,2882108.30,19662.00 Nos,188.47,3705640.32
"PP 5""",866.00 Nos,2.21,1912.35,797.00 Nos,40.93,32619.00
"PT 10"" 0.2 C7",,,,1.00 Nos,1246.00,1246.00
RB 732,426.00 Nos,200.05,85220.00,416.00 Nos,390.20,162323.76
"SP 10""",17203.00 Nos,25.30,435253.13,18855.00 Nos,34.95,659007.13
"SP 20""",23413.50 Nos,50.84,1190255.19,23287.00 Nos,69.05,1607918.74
"SP 20"" C7",266.00 Nos,100.09,26624.29,315.00 Nos,255.44,80464.61
"SP 30""",37931.00 Nos,76.30,2894101.13,37453.00 Nos,102.40,3835319.30
"SP 30"" C7",312.00 Nos,123.44,38514.57,365.00 Nos,291.48,106388.49
"SP 40""",42092.00 Nos,101.53,4273607.21,41382.00 Nos,146.37,6057265.55
"SP 40"" C7",116.00 Nos,150.00,17400.00,118.00 Nos,614.39,72497.74
"SP 5""",11.00 Nos,15.00,165.00,42.00 Nos,25.00,1050.00
"SP 6""",,,,45.00 Nos,47.91,2156.07
"SP BB 10""",1128.00 Nos,85.52,96460.92,1230.00 Nos,123.29,151642.49
"SP BB 20""",22766.00 Nos,162.62,3702319.07,22434.00 Nos,207.03,4644600.34
UPVC 205,10.00 Nos,10000.00,100000.00,10.00 Nos,14045.00,140450.00
UPVC 305,8.00 Nos,11200.00,89600.00,8.00 Nos,16868.75,134950.00
UPVC 309,6.00 Nos,23000.00,138000.00,6.00 Nos,28333.33,170000.00
UPVC 405,9.00 Nos,13000.00,117000.00,9.00 Nos,15222.22,137000.00
UPVC 717,2.00 Nos,13500.00,27000.00,2.00 Nos,17625.00,35250.00
UPVC 732,5.00 Nos,14500.00,72500.00,5.00 Nos,19200.00,96000.00
Water Treatment,25413.00 Nos,786.87,19996715.03,25331.00 Nos,1031.64,26132393.93
DP - E Dose,25.00 Nos,3400.00,85000.00,33.00 Nos,2711.75,89487.70
DP - ESD 604,1817.00 Nos,1901.07,3454252.48,1935.00 Nos,2208.75,4273923.78
DP - FSD 604,3.00 Nos,2184.85,6554.54,4.00 Nos,2154.27,8617.09
DP - KCS 633,5.00 Nos,4936.73,24683.64,6.00 Nos,4823.94,28943.64
DS - ADP,1019.00 Nos,100.11,102008.29,1037.00 Nos,137.87,142967.67
DS-H&L-14-4R,50.00 Nos,918.00,45900.00,64.00 Nos,1101.56,70500.00
DS - H&L-16-4R,296.00 Nos,945.00,279720.00,323.00 Nos,1131.47,365465.00
DS - H&L-24-4R,570.00 Nos,999.00,569430.00,602.00 Nos,1197.83,721092.00
DS - H&L-24-4R - W,,,,45.00 Nos,700.00,31500.00
DS - H&L-30-4R,285.00 Nos,1053.00,300105.00,293.00 Nos,1343.82,393739.00
DS - H&L-30-6FL,2.00 Nos,2695.00,5390.00,2.00 Nos,4950.00,9900.00
DS - H&L-36-4R,268.00 Nos,1282.00,343576.00,278.00 Nos,1517.56,421882.00
DS - H&L-36-6FL,2.00 Nos,2925.00,5850.00,3.00 Nos,4975.00,14925.00
DS - H&L-42-6FL,82.00 Nos,6364.00,521848.00,85.00 Nos,8515.40,723809.00
DS - H&L-42-6FU,10.00 Nos,4600.00,46000.00,10.00 Nos,9285.80,92858.00
DS - H&L-48-6FL,98.00 Nos,6492.00,636216.00,100.00 Nos,8120.38,812038.00
DS - H&L-48-6FU,3.00 Nos,4664.00,13992.00,3.00 Nos,7950.00,23850.00
DS - H&L-63-6FL,17.00 Nos,6932.00,117844.00,17.00 Nos,8681.41,147584.00
DS - H&L-63-6FU,11.00 Nos,4800.00,52800.00,12.00 Nos,7288.00,87456.00
DSPN 803,,,,2.00 Nos,4500.00,9000.00
"DS TS 4""",2512.00 Nos,382.08,959790.62,2603.00 Nos,431.38,1122894.59
"DS-TS 4"" W",926.00 Nos,299.88,277688.04,1004.00 Nos,300.29,301488.48
"DS-TS 6""F -R2",2.00 Nos,1395.00,2790.00,6.00 Nos,2647.50,15885.00
"DS-TS 6""F - R3",193.00 Nos,2596.47,501119.45,194.00 Nos,3286.98,637674.16
DS-VB,826.00 Nos,160.29,132398.15,796.00 Nos,338.47,269422.15
FLOATY-3M,2293.00 Nos,154.91,355208.38,2767.00 Nos,167.50,463473.68
FLOATY-5M,125.00 Nos,234.92,29364.70,168.00 Nos,292.59,49154.70
FM 100 (20-120),4.00 Nos,8500.00,34000.00,4.00 Nos,10550.00,42200.00
FM 15 (25-250),15.00 Nos,319.53,4792.93,75.00 Nos,586.87,44015.15
FM 15 (40-400),9.00 Nos,338.71,3048.35,38.00 Nos,471.38,17912.36
FM 15 (60-600),324.00 Nos,300.02,97206.06,248.00 Nos,467.57,115956.24
FM 25 (0.1-1),36.00 Nos,346.99,12491.74,243.00 Nos,528.42,128405.63
FM 25 (0.16 - 1.6),160.00 Nos,329.81,52769.82,304.00 Nos,604.77,183851.10
FM 25 (0.25-2.5),261.00 Nos,326.81,85296.47,338.00 Nos,605.99,204824.56
FM 32 (0.4-4),262.00 Nos,750.56,196645.53,304.00 Nos,1093.39,332391.03
FM 32 (0.6-6),367.00 Nos,750.00,275250.00,364.00 Nos,987.77,359550.00
FM 50 (0.6-6),131.00 Nos,1200.04,157205.69,106.00 Nos,1583.73,167875.28
FM 50 (1-10),237.00 Nos,1200.04,284409.13,288.00 Nos,1610.59,463849.39
FM 50 (1.6-16),244.00 Nos,1200.01,292803.22,243.00 Nos,1628.88,395818.22
FM 65 (12-60),34.00 Nos,2400.00,81600.00,105.00 Nos,2932.29,307890.00
FM 65 (5-25),115.00 Nos,2403.87,276445.62,189.00 Nos,2877.27,543804.62
FM 65 (8-40),92.00 Nos,2402.86,221063.33,98.00 Nos,3111.77,304953.33
IN 505 M,17.00 Nos,6866.39,116728.58,17.00 Nos,8463.45,143878.58
IN 510 C,1.00 Nos,4900.00,4900.00,1.00 Nos,11250.00,11250.00
IN 510 CT,166.00 Nos,1255.37,208391.06,155.00 Nos,1455.83,225654.03
IN 510 P,94.00 Nos,4053.40,381019.71,94.00 Nos,4776.81,449019.71
IN 510 T,2.00 Nos,3400.00,6800.00,2.00 Nos,5400.00,10800.00
KP 35,693.00 Nos,729.81,505757.66,614.00 Nos,814.43,500062.55
KP 36,479.00 Nos,738.50,353739.40,386.00 Nos,830.61,320617.38
PG 160 B,2683.00 Nos,175.48,470818.87,2089.00 Nos,206.77,431948.91
PG 160 C,1100.00 Nos,178.73,196608.49,845.00 Nos,180.18,152248.25
PG 400 B,1394.00 Nos,175.41,244515.19,1480.00 Nos,160.93,238177.38
PG 400 C,1794.00 Nos,176.61,316846.98,1414.00 Nos,190.46,269310.42
RO-HP Red,66.00 Nos,223.75,14767.20,49.00 Nos,248.57,12180.00
RO-LP BLUE,22.00 Nos,225.00,4950.00,40.00 Nos,246.30,9852.00
SFM-15-120-1200,611.00 Nos,243.45,148750.00,499.00 Nos,256.33,127910.00
SFM-15-60-600,517.00 Nos,244.20,126250.00,407.00 Nos,250.93,102130.00
SFM-20-200-2400,467.00 Nos,278.05,129850.00,275.00 Nos,293.27,80650.00
SFM-20-600-3600,107.00 Nos,276.31,29565.29,85.00 Nos,279.41,23750.00
Spare Parts,1430.00 Nos,337.37,482443.17,1501.00 Nos,334.22,501661.17
THT 221,25.00 Nos,378.25,9456.25,25.00 Nos,378.00,9450.00
Water Vending Machine,14.00 Nos,378571.43,5300000.00,14.00 Nos,540644.00,7569016.00
Grand Total,1279834.20 Nos,511.60,654762743.63,1275785.34 Nos,563.93,719458564.19